timestamp,location,latitude,longitude,current_speed,free_flow_speed,congestion_level,confidence,hour_of_day,day_of_week
6/9/25 4:03 PM,Before Bridge,9.008,7.4275,62,62,Low,1.0,16,Monday
6/9/25 4:03 PM,On Bridge,9.0067,7.4269,62,62,Low,1.0,16,Monday
6/9/25 4:03 PM,After Bridge,9.0055,7.426,58,58,Low,1.0,16,Monday
6/9/25 4:18 PM,Before Bridge,9.008,7.4275,62,62,Low,1.0,16,Monday
6/9/25 4:18 PM,On Bridge,9.0067,7.4269,62,62,Low,1.0,16,Monday
6/9/25 4:18 PM,After Bridge,9.0055,7.426,58,58,Low,1.0,16,Monday
6/9/25 4:38 PM,Before Bridge,9.008,7.4275,62,62,Low,1.0,16,Monday
6/9/25 4:38 PM,On Bridge,9.0067,7.4269,62,62,Low,1.0,16,Monday
6/9/25 4:38 PM,After Bridge,9.0055,7.426,58,58,Low,1.0,16,Monday
6/9/25 6:14 PM,Before Bridge,9.008,7.4275,62,62,Low,1.0,18,Monday
6/9/25 6:14 PM,On Bridge,9.0067,7.4269,62,62,Low,1.0,18,Monday
6/9/25 6:14 PM,After Bridge,9.0055,7.426,58,58,Low,1.0,18,Monday
6/9/25 6:29 PM,Before Bridge,9.008,7.4275,62,62,Low,1.0,18,Monday
6/9/25 6:29 PM,On Bridge,9.0067,7.4269,62,62,Low,1.0,18,Monday
6/9/25 6:29 PM,After Bridge,9.0055,7.426,58,58,Low,1.0,18,Monday
6/9/25 6:44 PM,Before Bridge,9.008,7.4275,62,62,Low,1.0,18,Monday
6/9/25 6:44 PM,On Bridge,9.0067,7.4269,62,62,Low,1.0,18,Monday
6/9/25 6:44 PM,After Bridge,9.0055,7.426,58,58,Low,1.0,18,Monday
6/9/25 6:44 PM,Before Bridge,9.008,7.4275,62,62,Low,1.0,18,Monday
6/9/25 6:44 PM,On Bridge,9.0067,7.4269,62,62,Low,1.0,18,Monday
6/9/25 6:44 PM,After Bridge,9.0055,7.426,58,58,Low,1.0,18,Monday
6/9/25 6:59 PM,Before Bridge,9.008,7.4275,62,62,Low,1.0,18,Monday
6/9/25 6:59 PM,On Bridge,9.0067,7.4269,62,62,Low,1.0,18,Monday
6/9/25 6:59 PM,After Bridge,9.0055,7.426,58,58,Low,1.0,18,Monday
6/9/25 7:14 PM,Before Bridge,9.008,7.4275,62,62,Low,1.0,19,Monday
6/9/25 7:14 PM,On Bridge,9.0067,7.4269,62,62,Low,1.0,19,Monday
6/9/25 7:14 PM,After Bridge,9.0055,7.426,58,58,Low,1.0,19,Monday
6/9/25 7:29 PM,Before Bridge,9.008,7.4275,62,62,Low,1.0,19,Monday
6/9/25 7:29 PM,On Bridge,9.0067,7.4269,62,62,Low,1.0,19,Monday
6/9/25 7:29 PM,After Bridge,9.0055,7.426,58,58,Low,1.0,19,Monday
6/9/25 7:44 PM,Before Bridge,9.008,7.4275,62,62,Low,1.0,19,Monday
6/9/25 7:44 PM,On Bridge,9.0067,7.4269,62,62,Low,1.0,19,Monday
6/9/25 7:44 PM,After Bridge,9.0055,7.426,58,58,Low,1.0,19,Monday
6/9/25 7:59 PM,Before Bridge,9.008,7.4275,62,62,Low,1.0,19,Monday
6/9/25 7:59 PM,On Bridge,9.0067,7.4269,62,62,Low,1.0,19,Monday
6/9/25 7:59 PM,After Bridge,9.0055,7.426,58,58,Low,1.0,19,Monday
6/9/25 8:14 PM,Before Bridge,9.008,7.4275,62,62,Low,1.0,20,Monday
6/9/25 8:14 PM,On Bridge,9.0067,7.4269,62,62,Low,1.0,20,Monday
6/9/25 8:14 PM,After Bridge,9.0055,7.426,58,58,Low,1.0,20,Monday
6/9/25 8:29 PM,Before Bridge,9.008,7.4275,62,62,Low,1.0,20,Monday
6/9/25 8:29 PM,On Bridge,9.0067,7.4269,62,62,Low,1.0,20,Monday
6/9/25 8:29 PM,After Bridge,9.0055,7.426,58,58,Low,1.0,20,Monday
6/9/25 8:33 PM,Before Bridge,9.008,7.4275,62,62,Low,1.0,20,Monday
6/9/25 8:33 PM,On Bridge,9.0067,7.4269,62,62,Low,1.0,20,Monday
6/9/25 8:33 PM,After Bridge,9.0055,7.426,58,58,Low,1.0,20,Monday
6/9/25 11:10 PM,Before Bridge,9.008,7.4275,62,62,Low,1.0,23,Monday
6/9/25 11:10 PM,On Bridge,9.0067,7.4269,62,62,Low,1.0,23,Monday
6/9/25 11:10 PM,After Bridge,9.0055,7.426,58,58,Low,1.0,23,Monday
6/9/25 11:26 PM,Before Bridge,9.008,7.4275,62,62,Low,1.0,23,Monday
6/9/25 11:26 PM,On Bridge,9.0067,7.4269,62,62,Low,1.0,23,Monday
6/9/25 11:26 PM,After Bridge,9.0055,7.426,58,58,Low,1.0,23,Monday
6/9/25 11:41 PM,Before Bridge,9.008,7.4275,62,62,Low,1.0,23,Monday
6/9/25 11:41 PM,On Bridge,9.0067,7.4269,62,62,Low,1.0,23,Monday
6/9/25 11:41 PM,After Bridge,9.0055,7.426,58,58,Low,1.0,23,Monday
6/9/25 11:56 PM,Before Bridge,9.008,7.4275,62,62,Low,1.0,23,Monday
6/9/25 11:56 PM,On Bridge,9.0067,7.4269,62,62,Low,1.0,23,Monday
6/9/25 11:56 PM,After Bridge,9.0055,7.426,58,58,Low,1.0,23,Monday
6/10/25 6:05 AM,Before Bridge,9.008,7.4275,62,62,Low,1.0,6,Tuesday
6/10/25 6:05 AM,On Bridge,9.0067,7.4269,62,62,Low,1.0,6,Tuesday
6/10/25 6:05 AM,After Bridge,9.0055,7.426,58,58,Low,1.0,6,Tuesday
6/10/25 6:20 AM,Before Bridge,9.008,7.4275,62,62,Low,1.0,6,Tuesday
6/10/25 6:20 AM,On Bridge,9.0067,7.4269,62,62,Low,1.0,6,Tuesday
6/10/25 6:20 AM,After Bridge,9.0055,7.426,58,58,Low,1.0,6,Tuesday
6/10/25 6:35 AM,Before Bridge,9.008,7.4275,62,62,Low,1.0,6,Tuesday
6/10/25 6:35 AM,On Bridge,9.0067,7.4269,62,62,Low,1.0,6,Tuesday
6/10/25 6:35 AM,After Bridge,9.0055,7.426,58,58,Low,1.0,6,Tuesday
6/10/25 6:50 AM,Before Bridge,9.008,7.4275,62,62,Low,1.0,6,Tuesday
6/10/25 6:50 AM,On Bridge,9.0067,7.4269,62,62,Low,1.0,6,Tuesday
6/10/25 6:50 AM,After Bridge,9.0055,7.426,58,58,Low,1.0,6,Tuesday
6/10/25 7:05 AM,Before Bridge,9.008,7.4275,62,62,Low,1.0,7,Tuesday
6/10/25 7:05 AM,On Bridge,9.0067,7.4269,62,62,Low,1.0,7,Tuesday
6/10/25 7:05 AM,After Bridge,9.0055,7.426,58,58,Low,1.0,7,Tuesday
6/10/25 7:20 AM,Before Bridge,9.008,7.4275,62,62,Low,1.0,7,Tuesday
6/10/25 7:20 AM,On Bridge,9.0067,7.4269,62,62,Low,1.0,7,Tuesday
6/10/25 7:20 AM,After Bridge,9.0055,7.426,58,58,Low,1.0,7,Tuesday
6/10/25 7:36 AM,Before Bridge,9.008,7.4275,62,62,Low,1.0,7,Tuesday
6/10/25 7:36 AM,On Bridge,9.0067,7.4269,62,62,Low,1.0,7,Tuesday
6/10/25 7:36 AM,After Bridge,9.0055,7.426,58,58,Low,1.0,7,Tuesday
6/10/25 7:51 AM,Before Bridge,9.008,7.4275,62,62,Low,1.0,7,Tuesday
6/10/25 7:51 AM,On Bridge,9.0067,7.4269,62,62,Low,1.0,7,Tuesday
6/10/25 7:51 AM,After Bridge,9.0055,7.426,49,59,Low,0.986868,7,Tuesday
6/10/25 7:56 AM,Before Bridge,9.008,7.4275,62,62,Low,1.0,7,Tuesday
6/10/25 7:56 AM,On Bridge,9.0067,7.4269,62,62,Low,1.0,7,Tuesday
6/10/25 7:56 AM,After Bridge,9.0055,7.426,50,59,Low,0.993434,7,Tuesday
6/10/25 8:16 AM,Before Bridge,9.008,7.4275,62,62,Low,1.0,8,Tuesday
6/10/25 8:16 AM,On Bridge,9.0067,7.4269,62,62,Low,1.0,8,Tuesday
6/10/25 8:16 AM,After Bridge,9.0055,7.426,58,58,Low,1.0,8,Tuesday
6/10/25 8:31 AM,Before Bridge,9.008,7.4275,62,62,Low,1.0,8,Tuesday
6/10/25 8:31 AM,On Bridge,9.0067,7.4269,62,62,Low,1.0,8,Tuesday
6/10/25 8:31 AM,After Bridge,9.0055,7.426,58,58,Low,1.0,8,Tuesday
6/10/25 1:06 PM,Before Bridge,9.008,7.4275,62,62,Low,1.0,13,Tuesday
6/10/25 1:06 PM,On Bridge,9.0067,7.4269,62,62,Low,1.0,13,Tuesday
6/10/25 1:06 PM,After Bridge,9.0055,7.426,58,58,Low,1.0,13,Tuesday
6/10/25 3:35 PM,Before Bridge,9.008,7.4275,62,62,Low,1.0,15,Tuesday
6/10/25 3:35 PM,On Bridge,9.0067,7.4269,62,62,Low,1.0,15,Tuesday
6/10/25 3:35 PM,After Bridge,9.0055,7.426,58,58,Low,1.0,15,Tuesday
6/10/25 3:51 PM,Before Bridge,9.008,7.4275,62,62,Low,1.0,15,Tuesday
6/10/25 3:51 PM,On Bridge,9.0067,7.4269,62,62,Low,1.0,15,Tuesday
6/10/25 3:51 PM,After Bridge,9.0055,7.426,58,58,Low,1.0,15,Tuesday
6/10/25 4:06 PM,Before Bridge,9.008,7.4275,62,62,Low,1.0,16,Tuesday
6/10/25 4:06 PM,On Bridge,9.0067,7.4269,62,62,Low,1.0,16,Tuesday
6/10/25 4:06 PM,After Bridge,9.0055,7.426,58,58,Low,1.0,16,Tuesday
6/10/25 4:21 PM,Before Bridge,9.008,7.4275,62,62,Low,1.0,16,Tuesday
6/10/25 4:21 PM,On Bridge,9.0067,7.4269,62,62,Low,1.0,16,Tuesday
6/10/25 4:21 PM,After Bridge,9.0055,7.426,58,58,Low,1.0,16,Tuesday
6/10/25 4:36 PM,Before Bridge,9.008,7.4275,62,62,Low,1.0,16,Tuesday
6/10/25 4:36 PM,On Bridge,9.0067,7.4269,62,62,Low,1.0,16,Tuesday
6/10/25 4:36 PM,After Bridge,9.0055,7.426,58,58,Low,1.0,16,Tuesday
6/10/25 4:51 PM,Before Bridge,9.008,7.4275,62,62,Low,1.0,16,Tuesday
6/10/25 4:51 PM,On Bridge,9.0067,7.4269,62,62,Low,1.0,16,Tuesday
6/10/25 4:51 PM,After Bridge,9.0055,7.426,58,58,Low,1.0,16,Tuesday
6/10/25 5:06 PM,Before Bridge,9.008,7.4275,62,62,Low,1.0,17,Tuesday
6/10/25 5:06 PM,On Bridge,9.0067,7.4269,62,62,Low,1.0,17,Tuesday
6/10/25 5:06 PM,After Bridge,9.0055,7.426,58,58,Low,1.0,17,Tuesday
6/10/25 5:21 PM,Before Bridge,9.008,7.4275,62,62,Low,1.0,17,Tuesday
6/10/25 5:21 PM,On Bridge,9.0067,7.4269,62,62,Low,1.0,17,Tuesday
6/10/25 5:21 PM,After Bridge,9.0055,7.426,58,58,Low,1.0,17,Tuesday
6/10/25 5:36 PM,Before Bridge,9.008,7.4275,62,62,Low,1.0,17,Tuesday
6/10/25 5:36 PM,On Bridge,9.0067,7.4269,62,62,Low,1.0,17,Tuesday
6/10/25 5:36 PM,After Bridge,9.0055,7.426,58,58,Low,1.0,17,Tuesday
6/10/25 5:52 PM,Before Bridge,9.008,7.4275,62,62,Low,1.0,17,Tuesday
6/10/25 5:52 PM,On Bridge,9.0067,7.4269,62,62,Low,1.0,17,Tuesday
6/10/25 5:52 PM,After Bridge,9.0055,7.426,58,58,Low,1.0,17,Tuesday
6/10/25 6:07 PM,Before Bridge,9.008,7.4275,62,62,Low,1.0,18,Tuesday
6/10/25 6:07 PM,On Bridge,9.0067,7.4269,62,62,Low,1.0,18,Tuesday
6/10/25 6:07 PM,After Bridge,9.0055,7.426,58,58,Low,1.0,18,Tuesday
6/10/25 6:22 PM,Before Bridge,9.008,7.4275,62,62,Low,1.0,18,Tuesday
6/10/25 6:22 PM,On Bridge,9.0067,7.4269,62,62,Low,1.0,18,Tuesday
6/10/25 6:22 PM,After Bridge,9.0055,7.426,58,58,Low,1.0,18,Tuesday
6/10/25 6:37 PM,Before Bridge,9.008,7.4275,62,62,Low,1.0,18,Tuesday
6/10/25 6:37 PM,On Bridge,9.0067,7.4269,62,62,Low,1.0,18,Tuesday
6/10/25 6:37 PM,After Bridge,9.0055,7.426,58,58,Low,1.0,18,Tuesday
6/10/25 6:52 PM,Before Bridge,9.008,7.4275,62,62,Low,1.0,18,Tuesday
6/10/25 6:52 PM,On Bridge,9.0067,7.4269,62,62,Low,1.0,18,Tuesday
6/10/25 6:52 PM,After Bridge,9.0055,7.426,58,58,Low,1.0,18,Tuesday
6/10/25 7:07 PM,Before Bridge,9.008,7.4275,62,62,Low,1.0,19,Tuesday
6/10/25 7:07 PM,On Bridge,9.0067,7.4269,62,62,Low,1.0,19,Tuesday
6/10/25 7:07 PM,After Bridge,9.0055,7.426,58,58,Low,1.0,19,Tuesday
6/10/25 8:34 PM,Before Bridge,9.008,7.4275,62,62,Low,1.0,20,Tuesday
6/10/25 8:34 PM,On Bridge,9.0067,7.4269,62,62,Low,1.0,20,Tuesday
6/10/25 8:34 PM,After Bridge,9.0055,7.426,58,58,Low,1.0,20,Tuesday
6/10/25 8:49 PM,Before Bridge,9.008,7.4275,55,62,Low,0.989783,20,Tuesday
6/10/25 8:49 PM,On Bridge,9.0067,7.4269,55,62,Low,0.989783,20,Tuesday
6/10/25 8:49 PM,After Bridge,9.0055,7.426,58,58,Low,1.0,20,Tuesday
6/10/25 9:04 PM,Before Bridge,9.008,7.4275,62,62,Low,1.0,21,Tuesday
6/10/25 9:04 PM,On Bridge,9.0067,7.4269,62,62,Low,1.0,21,Tuesday
6/10/25 9:04 PM,After Bridge,9.0055,7.426,58,58,Low,1.0,21,Tuesday
6/10/25 9:19 PM,Before Bridge,9.008,7.4275,58,62,Low,0.979638,21,Tuesday
6/10/25 9:19 PM,On Bridge,9.0067,7.4269,58,62,Low,0.979638,21,Tuesday
6/10/25 9:19 PM,After Bridge,9.0055,7.426,32,58,Medium,0.978805,21,Tuesday
6/10/25 9:34 PM,Before Bridge,9.008,7.4275,57,62,Low,0.974392,21,Tuesday
6/10/25 9:34 PM,On Bridge,9.0067,7.4269,57,62,Low,0.974392,21,Tuesday
6/10/25 9:34 PM,After Bridge,9.0055,7.426,44,59,Medium,0.934038,21,Tuesday
6/12/25 6:04 PM,Before Bridge,9.008,7.4275,62,62,Low,1.0,18,Thursday
6/12/25 6:04 PM,On Bridge,9.0067,7.4269,62,62,Low,1.0,18,Thursday
6/12/25 6:04 PM,After Bridge,9.0055,7.426,58,58,Low,1.0,18,Thursday
6/12/25 6:19 PM,Before Bridge,9.008,7.4275,62,62,Low,1.0,18,Thursday
6/12/25 6:19 PM,On Bridge,9.0067,7.4269,62,62,Low,1.0,18,Thursday
6/12/25 6:19 PM,After Bridge,9.0055,7.426,58,58,Low,1.0,18,Thursday
6/12/25 6:34 PM,Before Bridge,9.008,7.4275,62,62,Low,1.0,18,Thursday
6/12/25 6:34 PM,On Bridge,9.0067,7.4269,62,62,Low,1.0,18,Thursday
6/12/25 6:34 PM,After Bridge,9.0055,7.426,58,58,Low,1.0,18,Thursday
6/12/25 6:49 PM,Before Bridge,9.008,7.4275,62,62,Low,1.0,18,Thursday
6/12/25 6:49 PM,On Bridge,9.0067,7.4269,62,62,Low,1.0,18,Thursday
6/12/25 6:49 PM,After Bridge,9.0055,7.426,58,58,Low,1.0,18,Thursday
6/12/25 7:04 PM,Before Bridge,9.008,7.4275,62,62,Low,1.0,19,Thursday
6/12/25 7:04 PM,On Bridge,9.0067,7.4269,62,62,Low,1.0,19,Thursday
6/12/25 7:04 PM,After Bridge,9.0055,7.426,58,58,Low,1.0,19,Thursday
6/12/25 7:20 PM,Before Bridge,9.008,7.4275,62,62,Low,1.0,19,Thursday
6/12/25 7:20 PM,On Bridge,9.0067,7.4269,62,62,Low,1.0,19,Thursday
6/12/25 7:20 PM,After Bridge,9.0055,7.426,58,58,Low,1.0,19,Thursday
6/12/25 7:35 PM,Before Bridge,9.008,7.4275,62,62,Low,1.0,19,Thursday
6/12/25 7:35 PM,On Bridge,9.0067,7.4269,62,62,Low,1.0,19,Thursday
6/12/25 7:35 PM,After Bridge,9.0055,7.426,48,59,Low,0.993434,19,Thursday
6/12/25 7:50 PM,Before Bridge,9.008,7.4275,62,62,Low,1.0,19,Thursday
6/12/25 7:50 PM,On Bridge,9.0067,7.4269,62,62,Low,1.0,19,Thursday
6/12/25 7:50 PM,After Bridge,9.0055,7.426,58,58,Low,1.0,19,Thursday
6/12/25 8:05 PM,Before Bridge,9.008,7.4275,62,62,Low,1.0,20,Thursday
6/12/25 8:05 PM,On Bridge,9.0067,7.4269,62,62,Low,1.0,20,Thursday
6/12/25 8:05 PM,After Bridge,9.0055,7.426,58,58,Low,1.0,20,Thursday
6/12/25 8:20 PM,Before Bridge,9.008,7.4275,62,62,Low,1.0,20,Thursday
6/12/25 8:20 PM,On Bridge,9.0067,7.4269,62,62,Low,1.0,20,Thursday
6/12/25 8:20 PM,After Bridge,9.0055,7.426,58,58,Low,1.0,20,Thursday
6/12/25 8:35 PM,Before Bridge,9.008,7.4275,62,62,Low,1.0,20,Thursday
6/12/25 8:35 PM,On Bridge,9.0067,7.4269,62,62,Low,1.0,20,Thursday
6/12/25 8:35 PM,After Bridge,9.0055,7.426,58,58,Low,1.0,20,Thursday
6/12/25 8:50 PM,Before Bridge,9.008,7.4275,56,62,Low,0.976515,20,Thursday
6/12/25 8:50 PM,On Bridge,9.0067,7.4269,56,62,Low,0.976515,20,Thursday
6/12/25 8:50 PM,After Bridge,9.0055,7.426,58,58,Low,1.0,20,Thursday
6/12/25 9:05 PM,Before Bridge,9.008,7.4275,58,62,Low,0.984939,21,Thursday
6/12/25 9:05 PM,On Bridge,9.0067,7.4269,58,62,Low,0.984939,21,Thursday
6/12/25 9:05 PM,After Bridge,9.0055,7.426,58,58,Low,1.0,21,Thursday
6/15/25 2:41 PM,Before Bridge,9.008,7.4275,62,62,Low,1.0,14,Sunday
6/15/25 2:41 PM,On Bridge,9.0067,7.4269,62,62,Low,1.0,14,Sunday
6/15/25 2:41 PM,After Bridge,9.0055,7.426,58,58,Low,1.0,14,Sunday
6/15/25 2:56 PM,Before Bridge,9.008,7.4275,62,62,Low,1.0,14,Sunday
6/15/25 2:56 PM,On Bridge,9.0067,7.4269,62,62,Low,1.0,14,Sunday
6/15/25 2:56 PM,After Bridge,9.0055,7.426,58,58,Low,1.0,14,Sunday
6/15/25 3:11 PM,Before Bridge,9.008,7.4275,62,62,Low,1.0,15,Sunday
6/15/25 3:11 PM,On Bridge,9.0067,7.4269,62,62,Low,1.0,15,Sunday
6/15/25 3:11 PM,After Bridge,9.0055,7.426,58,58,Low,1.0,15,Sunday
6/15/25 3:26 PM,Before Bridge,9.008,7.4275,62,62,Low,1.0,15,Sunday
6/15/25 3:26 PM,On Bridge,9.0067,7.4269,62,62,Low,1.0,15,Sunday
6/15/25 3:26 PM,After Bridge,9.0055,7.426,58,58,Low,1.0,15,Sunday
6/15/25 3:41 PM,Before Bridge,9.008,7.4275,62,62,Low,1.0,15,Sunday
6/15/25 3:41 PM,On Bridge,9.0067,7.4269,62,62,Low,1.0,15,Sunday
6/15/25 3:41 PM,After Bridge,9.0055,7.426,58,58,Low,1.0,15,Sunday
6/15/25 3:56 PM,Before Bridge,9.008,7.4275,62,62,Low,1.0,15,Sunday
6/15/25 3:56 PM,On Bridge,9.0067,7.4269,62,62,Low,1.0,15,Sunday
6/15/25 3:56 PM,After Bridge,9.0055,7.426,58,58,Low,1.0,15,Sunday
6/15/25 4:11 PM,Before Bridge,9.008,7.4275,62,62,Low,1.0,16,Sunday
6/15/25 4:11 PM,On Bridge,9.0067,7.4269,62,62,Low,1.0,16,Sunday
6/15/25 4:11 PM,After Bridge,9.0055,7.426,58,58,Low,1.0,16,Sunday
6/15/25 4:26 PM,Before Bridge,9.008,7.4275,62,62,Low,1.0,16,Sunday
6/15/25 4:26 PM,On Bridge,9.0067,7.4269,62,62,Low,1.0,16,Sunday
6/15/25 4:26 PM,After Bridge,9.0055,7.426,58,58,Low,1.0,16,Sunday
6/15/25 4:54 PM,Before Bridge,9.008,7.4275,62,62,Low,1.0,16,Sunday
6/15/25 4:54 PM,On Bridge,9.0067,7.4269,62,62,Low,1.0,16,Sunday
6/15/25 4:54 PM,After Bridge,9.0055,7.426,58,58,Low,1.0,16,Sunday
6/15/25 5:10 PM,Before Bridge,9.008,7.4275,62,62,Low,1.0,17,Sunday
6/15/25 5:10 PM,On Bridge,9.0067,7.4269,62,62,Low,1.0,17,Sunday
6/15/25 5:10 PM,After Bridge,9.0055,7.426,58,58,Low,1.0,17,Sunday
6/15/25 5:25 PM,Before Bridge,9.008,7.4275,62,62,Low,1.0,17,Sunday
6/15/25 5:25 PM,On Bridge,9.0067,7.4269,62,62,Low,1.0,17,Sunday
6/15/25 5:25 PM,After Bridge,9.0055,7.426,58,58,Low,1.0,17,Sunday
6/15/25 5:40 PM,Before Bridge,9.008,7.4275,62,62,Low,1.0,17,Sunday
6/15/25 5:40 PM,On Bridge,9.0067,7.4269,62,62,Low,1.0,17,Sunday
6/15/25 5:40 PM,After Bridge,9.0055,7.426,58,58,Low,1.0,17,Sunday
6/15/25 5:55 PM,Before Bridge,9.008,7.4275,62,62,Low,1.0,17,Sunday
6/15/25 5:55 PM,On Bridge,9.0067,7.4269,62,62,Low,1.0,17,Sunday
6/15/25 5:55 PM,After Bridge,9.0055,7.426,58,58,Low,1.0,17,Sunday
6/15/25 6:10 PM,Before Bridge,9.008,7.4275,62,62,Low,1.0,18,Sunday
6/15/25 6:10 PM,On Bridge,9.0067,7.4269,62,62,Low,1.0,18,Sunday
6/15/25 6:10 PM,After Bridge,9.0055,7.426,58,58,Low,1.0,18,Sunday
6/15/25 6:25 PM,Before Bridge,9.008,7.4275,62,62,Low,1.0,18,Sunday
6/15/25 6:25 PM,On Bridge,9.0067,7.4269,62,62,Low,1.0,18,Sunday
6/15/25 6:25 PM,After Bridge,9.0055,7.426,58,58,Low,1.0,18,Sunday
6/15/25 6:40 PM,Before Bridge,9.008,7.4275,62,62,Low,1.0,18,Sunday
6/15/25 6:40 PM,On Bridge,9.0067,7.4269,62,62,Low,1.0,18,Sunday
6/15/25 6:40 PM,After Bridge,9.0055,7.426,58,58,Low,1.0,18,Sunday
6/16/25 4:41 PM,Before Bridge,9.008,7.4275,50,62,Low,0.991289,16,Monday
6/16/25 4:41 PM,On Bridge,9.0067,7.4269,50,62,Low,0.991289,16,Monday
6/16/25 4:41 PM,After Bridge,9.0055,7.426,34,56,Medium,0.949453,16,Monday
6/16/25 4:56 PM,Before Bridge,9.008,7.4275,54,62,Low,0.993622,16,Monday
6/16/25 4:56 PM,On Bridge,9.0067,7.4269,54,62,Low,0.993622,16,Monday
6/16/25 4:56 PM,After Bridge,9.0055,7.426,46,58,Medium,0.988508,16,Monday
6/16/25 5:12 PM,Before Bridge,9.008,7.4275,53,62,Low,0.99697,17,Monday
6/16/25 5:12 PM,On Bridge,9.0067,7.4269,53,62,Low,0.99697,17,Monday
6/16/25 5:12 PM,After Bridge,9.0055,7.426,46,58,Medium,0.991492,17,Monday
6/16/25 5:27 PM,Before Bridge,9.008,7.4275,50,62,Low,0.996756,17,Monday
6/16/25 5:27 PM,On Bridge,9.0067,7.4269,50,62,Low,0.996756,17,Monday
6/16/25 5:27 PM,After Bridge,9.0055,7.426,58,58,Low,1.0,17,Monday
6/16/25 5:42 PM,Before Bridge,9.008,7.4275,50,62,Low,0.995227,17,Monday
6/16/25 5:42 PM,On Bridge,9.0067,7.4269,50,62,Low,0.995227,17,Monday
6/16/25 5:42 PM,After Bridge,9.0055,7.426,58,58,Low,1.0,17,Monday
6/16/25 5:57 PM,Before Bridge,9.008,7.4275,50,62,Low,0.989889,17,Monday
6/16/25 5:57 PM,On Bridge,9.0067,7.4269,50,62,Low,0.989889,17,Monday
6/16/25 5:57 PM,After Bridge,9.0055,7.426,48,59,Low,0.991497,17,Monday
6/16/25 6:12 PM,Before Bridge,9.008,7.4275,51,61,Low,0.995877,18,Monday
6/16/25 6:12 PM,On Bridge,9.0067,7.4269,51,61,Low,0.995877,18,Monday
6/16/25 6:12 PM,After Bridge,9.0055,7.426,58,58,Low,1.0,18,Monday
6/16/25 6:27 PM,Before Bridge,9.008,7.4275,55,62,Low,0.993447,18,Monday
6/16/25 6:27 PM,On Bridge,9.0067,7.4269,55,62,Low,0.993447,18,Monday
6/16/25 6:27 PM,After Bridge,9.0055,7.426,58,58,Low,1.0,18,Monday
6/16/25 6:35 PM,Before Bridge,9.008,7.4275,55,62,Low,0.992373,18,Monday
6/16/25 6:35 PM,On Bridge,9.0067,7.4269,55,62,Low,0.992373,18,Monday
6/16/25 6:35 PM,After Bridge,9.0055,7.426,43,59,Medium,0.986327,18,Monday
6/16/25 6:50 PM,Before Bridge,9.008,7.4275,62,62,Low,1.0,18,Monday
6/16/25 6:50 PM,On Bridge,9.0067,7.4269,62,62,Low,1.0,18,Monday
6/16/25 6:50 PM,After Bridge,9.0055,7.426,58,58,Low,1.0,18,Monday
6/17/25 1:15 PM,Before Bridge,9.008,7.4275,62,62,Low,1.0,13,Tuesday
6/17/25 1:15 PM,On Bridge,9.0067,7.4269,62,62,Low,1.0,13,Tuesday
6/17/25 1:15 PM,After Bridge,9.0055,7.426,58,58,Low,1.0,13,Tuesday
6/17/25 1:45 PM,On Bridge,9.0067,7.4269,62,62,Low,1.0,13,Tuesday
6/17/25 1:45 PM,After Bridge,9.0055,7.426,58,58,Low,1.0,13,Tuesday
6/17/25 2:01 PM,Before Bridge,9.008,7.4275,62,62,Low,1.0,14,Tuesday
6/17/25 2:01 PM,On Bridge,9.0067,7.4269,62,62,Low,1.0,14,Tuesday
6/17/25 2:01 PM,After Bridge,9.0055,7.426,58,58,Low,1.0,14,Tuesday
6/17/25 2:17 PM,Before Bridge,9.008,7.4275,62,62,Low,1.0,14,Tuesday
6/17/25 2:17 PM,On Bridge,9.0067,7.4269,62,62,Low,1.0,14,Tuesday
6/17/25 2:17 PM,After Bridge,9.0055,7.426,58,58,Low,1.0,14,Tuesday
6/17/25 2:33 PM,Before Bridge,9.008,7.4275,62,62,Low,1.0,14,Tuesday
6/17/25 2:33 PM,After Bridge,9.0055,7.426,58,58,Low,1.0,14,Tuesday
6/17/25 2:48 PM,On Bridge,9.0067,7.4269,62,62,Low,1.0,14,Tuesday
6/17/25 2:48 PM,After Bridge,9.0055,7.426,58,58,Low,1.0,14,Tuesday
6/17/25 3:06 PM,Before Bridge,9.008,7.4275,62,62,Low,1.0,15,Tuesday
6/17/25 3:06 PM,On Bridge,9.0067,7.4269,62,62,Low,1.0,15,Tuesday
6/17/25 3:06 PM,After Bridge,9.0055,7.426,58,58,Low,1.0,15,Tuesday
6/17/25 3:10 PM,Before Bridge,9.008,7.4275,62,62,Low,1.0,15,Tuesday
6/17/25 3:10 PM,On Bridge,9.0067,7.4269,62,62,Low,1.0,15,Tuesday
6/17/25 3:10 PM,After Bridge,9.0055,7.426,58,58,Low,1.0,15,Tuesday
6/17/25 3:25 PM,Before Bridge,9.008,7.4275,62,62,Low,1.0,15,Tuesday
6/17/25 3:25 PM,On Bridge,9.0067,7.4269,62,62,Low,1.0,15,Tuesday
6/17/25 3:25 PM,After Bridge,9.0055,7.426,58,58,Low,1.0,15,Tuesday
6/19/25 12:00 PM,Before Bridge,9.008,7.4275,62,62,Low,1.0,12,Thursday
6/19/25 12:00 PM,On Bridge,9.0067,7.4269,62,62,Low,1.0,12,Thursday
6/19/25 12:00 PM,After Bridge,9.0055,7.426,58,58,Low,1.0,12,Thursday
6/19/25 3:03 PM,Before Bridge,9.008,7.4275,52,62,Low,0.994663,15,Thursday
6/19/25 3:03 PM,On Bridge,9.0067,7.4269,52,62,Low,0.994663,15,Thursday
6/19/25 3:03 PM,After Bridge,9.0055,7.426,58,58,Low,1.0,15,Thursday
6/23/25 6:54 AM,Before Bridge,9.008,7.4275,62,62,Low,1.0,6,Monday
6/23/25 6:54 AM,On Bridge,9.0067,7.4269,62,62,Low,1.0,6,Monday
6/23/25 6:54 AM,After Bridge,9.0055,7.426,58,58,Low,1.0,6,Monday
6/23/25 7:09 AM,Before Bridge,9.008,7.4275,62,62,Low,1.0,7,Monday
6/23/25 7:09 AM,On Bridge,9.0067,7.4269,62,62,Low,1.0,7,Monday
6/23/25 7:09 AM,After Bridge,9.0055,7.426,58,58,Low,1.0,7,Monday
6/23/25 7:24 AM,Before Bridge,9.008,7.4275,62,62,Low,1.0,7,Monday
6/23/25 7:24 AM,On Bridge,9.0067,7.4269,62,62,Low,1.0,7,Monday
6/23/25 7:24 AM,After Bridge,9.0055,7.426,58,58,Low,1.0,7,Monday
6/23/25 7:39 AM,Before Bridge,9.008,7.4275,62,62,Low,1.0,7,Monday
6/23/25 7:39 AM,On Bridge,9.0067,7.4269,62,62,Low,1.0,7,Monday
6/23/25 7:39 AM,After Bridge,9.0055,7.426,58,58,Low,1.0,7,Monday
6/23/25 7:55 AM,Before Bridge,9.008,7.4275,62,62,Low,1.0,7,Monday
6/23/25 7:55 AM,On Bridge,9.0067,7.4269,62,62,Low,1.0,7,Monday
6/23/25 7:55 AM,After Bridge,9.0055,7.426,58,58,Low,1.0,7,Monday
6/23/25 4:34 PM,Before Bridge,9.008,7.4275,62,62,Low,1.0,16,Monday
6/23/25 4:34 PM,On Bridge,9.0067,7.4269,62,62,Low,1.0,16,Monday
6/23/25 4:34 PM,After Bridge,9.0055,7.426,58,58,Low,1.0,16,Monday
6/24/25 10:36 AM,Before Bridge,9.008,7.4275,62,62,Low,1.0,10,Tuesday
6/24/25 10:36 AM,On Bridge,9.0067,7.4269,62,62,Low,1.0,10,Tuesday
6/24/25 10:36 AM,After Bridge,9.0055,7.426,51,59,Low,0.985371,10,Tuesday
6/24/25 10:47 AM,Before Bridge,9.008,7.4275,62,62,Low,1.0,10,Tuesday
6/24/25 10:47 AM,On Bridge,9.0067,7.4269,62,62,Low,1.0,10,Tuesday
6/24/25 10:47 AM,After Bridge,9.0055,7.426,47,59,Medium,0.993434,10,Tuesday
6/24/25 11:03 AM,Before Bridge,9.008,7.4275,62,62,Low,1.0,11,Tuesday
6/24/25 11:03 AM,On Bridge,9.0067,7.4269,62,62,Low,1.0,11,Tuesday
6/24/25 11:03 AM,After Bridge,9.0055,7.426,49,59,Low,0.993434,11,Tuesday
6/24/25 11:19 AM,Before Bridge,9.008,7.4275,62,62,Low,1.0,11,Tuesday
6/24/25 11:19 AM,On Bridge,9.0067,7.4269,62,62,Low,1.0,11,Tuesday
6/24/25 11:19 AM,After Bridge,9.0055,7.426,58,58,Low,1.0,11,Tuesday
2025-06-25 11:29:38,Before Bridge,9.008,7.4275,62,62,Low,1.0,11,Wednesday
2025-06-25 11:29:38,On Bridge,9.0067,7.4269,62,62,Low,1.0,11,Wednesday
2025-06-25 11:29:38,After Bridge,9.0055,7.426,48,59,Low,0.986868,11,Wednesday
2025-06-25 22:57:20,Before Bridge,9.008,7.4275,62,62,Low,1.0,22,Wednesday
2025-06-25 22:57:20,On Bridge,9.0067,7.4269,62,62,Low,1.0,22,Wednesday
2025-06-25 22:57:20,After Bridge,9.0055,7.426,58,58,Low,1.0,22,Wednesday
2025-06-26 17:41:58,Before Bridge,9.008,7.4275,62,62,Low,1.0,17,Thursday
2025-06-26 17:41:58,On Bridge,9.0067,7.4269,62,62,Low,1.0,17,Thursday
2025-06-26 17:41:58,After Bridge,9.0055,7.426,50,58,Low,0.982983,17,Thursday
2025-06-26 17:55:28,Before Bridge,9.008,7.4275,62,62,Low,1.0,17,Thursday
2025-06-26 17:55:28,On Bridge,9.0067,7.4269,62,62,Low,1.0,17,Thursday
2025-06-26 17:55:28,After Bridge,9.0055,7.426,47,57,Low,0.991492,17,Thursday
2025-06-11 08:00:00,Before Bridge,9.0057,7.4271,44,64,Medium,0.92,8,Friday
2025-06-11 07:00:00,On Bridge,9.0075,7.4263,40,64,Medium,0.95,7,Friday
2025-06-11 17:00:00,Before Bridge,9.0069,7.4271,42,64,Medium,0.85,17,Monday
2025-06-11 07:00:00,On Bridge,9.0072,7.4273,38,61,Medium,0.89,7,Wednesday
2025-06-11 08:00:00,Before Bridge,9.0057,7.4264,43,65,Medium,0.86,8,Monday
2025-06-11 08:00:00,On Bridge,9.0061,7.4265,30,64,Medium,0.86,8,Tuesday
2025-06-11 08:00:00,After Bridge,9.0058,7.4266,34,64,Medium,0.85,8,Friday
2025-06-11 07:00:00,On Bridge,9.0074,7.4268,36,62,Medium,0.95,7,Friday
2025-06-11 08:00:00,Before Bridge,9.0056,7.4272,38,60,Medium,0.86,8,Wednesday
2025-06-11 16:00:00,On Bridge,9.0078,7.4266,41,63,Medium,0.91,16,Tuesday
2025-06-11 18:00:00,Before Bridge,9.0062,7.4266,41,65,Medium,0.86,18,Monday
2025-06-11 16:00:00,Before Bridge,9.0062,7.4266,39,62,Medium,0.85,16,Thursday
2025-06-11 07:00:00,Before Bridge,9.006,7.4263,38,65,Medium,0.93,7,Wednesday
2025-06-11 08:00:00,Before Bridge,9.0063,7.4264,31,62,Medium,0.88,8,Tuesday
2025-06-11 07:00:00,Before Bridge,9.0064,7.427,40,61,Medium,0.88,7,Monday
2025-06-11 17:00:00,Before Bridge,9.0067,7.4272,44,60,Medium,0.88,17,Monday
2025-06-11 17:00:00,After Bridge,9.007,7.4267,40,60,Medium,0.87,17,Friday
2025-06-11 18:00:00,Before Bridge,9.0072,7.4266,42,60,Medium,0.92,18,Thursday
2025-06-11 18:00:00,After Bridge,9.0072,7.4272,38,61,Medium,0.92,18,Thursday
2025-06-11 07:00:00,Before Bridge,9.0064,7.427,43,65,Medium,0.94,7,Monday
2025-06-11 08:00:00,On Bridge,9.0073,7.4264,36,65,Medium,0.94,8,Tuesday
2025-06-11 07:00:00,On Bridge,9.0065,7.4265,33,61,Medium,0.88,7,Monday
2025-06-11 17:00:00,After Bridge,9.0069,7.4261,39,65,Medium,0.86,17,Friday
2025-06-11 07:00:00,On Bridge,9.008,7.427,34,63,Medium,0.91,7,Wednesday
2025-06-11 17:00:00,After Bridge,9.0069,7.4273,42,63,Medium,0.89,17,Tuesday
2025-06-11 07:00:00,After Bridge,9.007,7.426,36,61,Medium,0.91,7,Monday
2025-06-11 07:00:00,Before Bridge,9.0061,7.4273,33,63,Medium,0.87,7,Friday
2025-06-11 08:00:00,Before Bridge,9.0075,7.4265,34,64,Medium,0.93,8,Monday
2025-06-11 16:00:00,Before Bridge,9.0056,7.4268,34,63,Medium,0.94,16,Thursday
2025-06-11 08:00:00,After Bridge,9.0074,7.426,31,62,Medium,0.9,8,Monday
2025-06-11 18:00:00,Before Bridge,9.0072,7.4269,37,65,Medium,0.91,18,Tuesday
2025-06-11 18:00:00,After Bridge,9.0063,7.4261,37,62,Medium,0.93,18,Thursday
2025-06-11 17:00:00,On Bridge,9.007,7.4274,37,64,Medium,0.95,17,Monday
2025-06-11 17:00:00,After Bridge,9.006,7.4273,33,65,Medium,0.95,17,Thursday
2025-06-11 16:00:00,On Bridge,9.0073,7.4266,37,63,Medium,0.93,16,Monday
2025-06-11 07:00:00,Before Bridge,9.0056,7.4268,37,61,Medium,0.92,7,Wednesday
2025-06-11 16:00:00,After Bridge,9.007,7.4268,36,61,Medium,0.86,16,Monday
2025-06-11 16:00:00,After Bridge,9.007,7.4272,39,61,Medium,0.89,16,Monday
2025-06-11 16:00:00,After Bridge,9.0069,7.426,32,63,Medium,0.85,16,Tuesday
2025-06-11 07:00:00,Before Bridge,9.0076,7.4265,45,64,Medium,0.9,7,Wednesday
2025-06-11 17:00:00,On Bridge,9.0075,7.4266,41,63,Medium,0.9,17,Thursday
2025-06-11 17:00:00,After Bridge,9.0062,7.4268,33,65,Medium,0.87,17,Tuesday
2025-06-11 08:00:00,After Bridge,9.0066,7.4274,43,63,Medium,0.89,8,Monday
2025-06-11 17:00:00,On Bridge,9.0059,7.4268,38,61,Medium,0.86,17,Wednesday
2025-06-11 07:00:00,After Bridge,9.0064,7.4272,31,64,Medium,0.93,7,Friday
2025-06-11 17:00:00,Before Bridge,9.0065,7.4273,35,65,Medium,0.93,17,Monday
2025-06-11 18:00:00,Before Bridge,9.0066,7.4262,30,62,Medium,0.9,18,Tuesday
2025-06-11 07:00:00,Before Bridge,9.006,7.4263,41,61,Medium,0.89,7,Thursday
2025-06-11 18:00:00,After Bridge,9.0068,7.4272,30,63,Medium,0.91,18,Thursday
2025-06-11 07:00:00,On Bridge,9.0065,7.4263,34,60,Medium,0.88,7,Friday
2025-06-11 16:00:00,On Bridge,9.0075,7.4262,33,64,Medium,0.91,16,Wednesday
2025-06-11 18:00:00,After Bridge,9.0056,7.4275,41,62,Medium,0.85,18,Friday
2025-06-11 17:00:00,On Bridge,9.0055,7.4262,38,62,Medium,0.94,17,Monday
2025-06-11 18:00:00,On Bridge,9.007,7.4265,39,62,Medium,0.89,18,Monday
2025-06-11 07:00:00,After Bridge,9.0067,7.4273,42,61,Medium,0.88,7,Wednesday
2025-06-11 17:00:00,On Bridge,9.0073,7.4275,37,64,Medium,0.92,17,Tuesday
2025-06-11 16:00:00,On Bridge,9.0064,7.426,42,63,Medium,0.85,16,Tuesday
2025-06-11 16:00:00,Before Bridge,9.0078,7.4268,37,63,Medium,0.88,16,Monday
2025-06-11 07:00:00,After Bridge,9.0061,7.4264,44,62,Medium,0.87,7,Wednesday
2025-06-11 07:00:00,After Bridge,9.007,7.4273,35,64,Medium,0.88,7,Friday
2025-06-11 08:00:00,After Bridge,9.0068,7.4269,35,62,Medium,0.93,8,Tuesday
2025-06-11 07:00:00,After Bridge,9.0066,7.4263,41,61,Medium,0.87,7,Wednesday
2025-06-11 08:00:00,Before Bridge,9.0062,7.4271,41,60,Medium,0.88,8,Thursday
2025-06-11 08:00:00,On Bridge,9.0068,7.4265,43,62,Medium,0.85,8,Wednesday
2025-06-11 17:00:00,After Bridge,9.0071,7.4272,39,60,Medium,0.92,17,Tuesday
2025-06-11 08:00:00,Before Bridge,9.0067,7.4271,32,62,Medium,0.91,8,Tuesday
2025-06-11 16:00:00,Before Bridge,9.007,7.4273,36,64,Medium,0.86,16,Tuesday
2025-06-11 16:00:00,On Bridge,9.0059,7.427,43,61,Medium,0.95,16,Monday
2025-06-11 16:00:00,After Bridge,9.0065,7.4265,38,62,Medium,0.94,16,Wednesday
2025-06-11 08:00:00,After Bridge,9.0064,7.426,42,60,Medium,0.94,8,Wednesday
2025-06-11 18:00:00,On Bridge,9.0078,7.4266,44,64,Medium,0.86,18,Thursday
2025-06-11 08:00:00,After Bridge,9.0055,7.4262,33,61,Medium,0.94,8,Friday
2025-06-11 18:00:00,Before Bridge,9.0069,7.4264,37,61,Medium,0.89,18,Thursday
2025-06-11 18:00:00,On Bridge,9.0064,7.4263,43,64,Medium,0.92,18,Wednesday
2025-06-11 18:00:00,Before Bridge,9.0061,7.4262,39,64,Medium,0.87,18,Wednesday
2025-06-11 08:00:00,On Bridge,9.0057,7.4264,43,62,Medium,0.91,8,Friday
2025-06-11 08:00:00,Before Bridge,9.0075,7.426,36,64,Medium,0.87,8,Wednesday
2025-06-11 18:00:00,On Bridge,9.0073,7.4266,39,65,Medium,0.85,18,Tuesday
2025-06-11 17:00:00,Before Bridge,9.0075,7.4272,43,62,Medium,0.86,17,Monday
2025-06-11 08:00:00,After Bridge,9.0077,7.4269,33,61,Medium,0.94,8,Wednesday
2025-06-11 16:00:00,After Bridge,9.0059,7.4263,30,61,Medium,0.86,16,Thursday
2025-06-11 07:00:00,After Bridge,9.0068,7.4263,37,62,Medium,0.91,7,Friday
2025-06-11 18:00:00,After Bridge,9.0072,7.4265,33,60,Medium,0.9,18,Tuesday
2025-06-11 16:00:00,On Bridge,9.008,7.4263,44,60,Medium,0.91,16,Thursday
2025-06-11 07:00:00,On Bridge,9.007,7.4264,39,65,Medium,0.86,7,Monday
2025-06-11 07:00:00,On Bridge,9.0062,7.4269,34,62,Medium,0.91,7,Tuesday
2025-06-11 18:00:00,On Bridge,9.0057,7.4265,31,64,Medium,0.91,18,Monday
2025-06-11 16:00:00,Before Bridge,9.0058,7.4273,35,63,Medium,0.88,16,Friday
2025-06-11 08:00:00,On Bridge,9.0073,7.426,36,61,Medium,0.88,8,Monday
2025-06-11 07:00:00,On Bridge,9.0061,7.4263,45,60,Medium,0.88,7,Tuesday
2025-06-11 07:00:00,On Bridge,9.007,7.427,30,64,Medium,0.88,7,Monday
2025-06-11 18:00:00,Before Bridge,9.0078,7.4269,37,61,Medium,0.93,18,Wednesday
2025-06-11 17:00:00,Before Bridge,9.0059,7.4262,38,62,Medium,0.94,17,Tuesday
2025-06-11 18:00:00,After Bridge,9.0075,7.4266,39,60,Medium,0.93,18,Monday
2025-06-11 08:00:00,On Bridge,9.0075,7.4272,38,62,Medium,0.87,8,Wednesday
2025-06-11 17:00:00,On Bridge,9.0076,7.4269,41,64,Medium,0.89,17,Monday
2025-06-11 16:00:00,On Bridge,9.006,7.4273,44,65,Medium,0.95,16,Monday
2025-06-11 08:00:00,After Bridge,9.0069,7.4262,32,64,Medium,0.91,8,Wednesday
2025-06-11 07:00:00,On Bridge,9.0071,7.4275,40,60,Medium,0.94,7,Wednesday
2025-06-11 08:00:00,After Bridge,9.0073,7.4262,37,65,Medium,0.94,8,Friday
2025-06-11 18:00:00,Before Bridge,9.008,7.4273,43,62,Medium,0.88,18,Monday
2025-06-11 08:00:00,Before Bridge,9.0056,7.4266,37,61,Medium,0.92,8,Monday
2025-06-11 18:00:00,On Bridge,9.0065,7.4275,45,62,Medium,0.91,18,Wednesday
2025-06-11 16:00:00,On Bridge,9.0079,7.4263,45,64,Medium,0.92,16,Monday
2025-06-11 08:00:00,Before Bridge,9.0072,7.4275,31,62,Medium,0.9,8,Friday
2025-06-11 08:00:00,After Bridge,9.0066,7.4262,32,65,Medium,0.91,8,Monday
2025-06-11 07:00:00,On Bridge,9.008,7.4275,44,65,Medium,0.88,7,Monday
2025-06-11 16:00:00,After Bridge,9.0078,7.4271,39,62,Medium,0.87,16,Monday
2025-06-11 07:00:00,Before Bridge,9.0062,7.427,41,65,Medium,0.89,7,Wednesday
2025-06-11 16:00:00,Before Bridge,9.0077,7.4268,35,62,Medium,0.89,16,Thursday
2025-06-11 17:00:00,On Bridge,9.0075,7.4265,43,61,Medium,0.89,17,Tuesday
2025-06-11 17:00:00,On Bridge,9.008,7.4263,34,65,Medium,0.91,17,Wednesday
2025-06-11 16:00:00,On Bridge,9.0073,7.427,33,61,Medium,0.93,16,Thursday
2025-06-11 18:00:00,On Bridge,9.0064,7.4274,36,62,Medium,0.87,18,Tuesday
2025-06-11 18:00:00,On Bridge,9.0061,7.4271,39,61,Medium,0.94,18,Monday
2025-06-11 16:00:00,Before Bridge,9.0069,7.4265,44,63,Medium,0.95,16,Thursday
2025-06-11 16:00:00,Before Bridge,9.0066,7.4267,31,62,Medium,0.92,16,Wednesday
2025-06-11 17:00:00,After Bridge,9.0063,7.4263,39,61,Medium,0.93,17,Monday
2025-06-11 08:00:00,On Bridge,9.0058,7.4261,18,62,High,0.83,8,Thursday
2025-06-11 08:00:00,Before Bridge,9.0061,7.4273,21,60,High,0.9,8,Thursday
2025-06-11 17:00:00,After Bridge,9.0077,7.4273,24,64,High,0.87,17,Wednesday
2025-06-11 17:00:00,On Bridge,9.0072,7.4268,20,61,High,0.9,17,Wednesday
2025-06-11 08:00:00,On Bridge,9.0069,7.4269,21,60,High,0.85,8,Friday
2025-06-11 18:00:00,After Bridge,9.0071,7.4261,24,65,High,0.86,18,Thursday
2025-06-11 07:00:00,After Bridge,9.0079,7.4266,24,62,High,0.82,7,Tuesday
2025-06-11 17:00:00,After Bridge,9.0059,7.4273,13,64,High,0.75,17,Friday
2025-06-11 17:00:00,On Bridge,9.0075,7.4268,24,63,High,0.84,17,Friday
2025-06-11 16:00:00,After Bridge,9.0071,7.4264,19,65,High,0.8,16,Wednesday
2025-06-11 08:00:00,After Bridge,9.0067,7.4266,20,61,High,0.87,8,Monday
2025-06-11 16:00:00,Before Bridge,9.0071,7.4269,25,65,High,0.84,16,Friday
2025-06-11 18:00:00,After Bridge,9.0067,7.426,12,64,High,0.85,18,Friday
2025-06-11 16:00:00,After Bridge,9.0072,7.4263,12,65,High,0.82,16,Thursday
2025-06-11 17:00:00,On Bridge,9.0073,7.4275,21,65,High,0.87,17,Monday
2025-06-11 08:00:00,After Bridge,9.0067,7.4267,12,63,High,0.77,8,Friday
2025-06-11 08:00:00,Before Bridge,9.0069,7.4269,25,64,High,0.85,8,Friday
2025-06-11 07:00:00,Before Bridge,9.0079,7.4273,12,62,High,0.9,7,Tuesday
2025-06-11 08:00:00,Before Bridge,9.0077,7.4269,25,60,High,0.89,8,Wednesday
2025-06-11 07:00:00,After Bridge,9.0064,7.4269,21,65,High,0.86,7,Monday
2025-06-11 16:00:00,After Bridge,9.0063,7.4271,10,62,High,0.88,16,Wednesday
2025-06-11 17:00:00,On Bridge,9.0061,7.4263,18,63,High,0.77,17,Thursday
2025-06-11 17:00:00,After Bridge,9.0057,7.4267,19,60,High,0.78,17,Wednesday
2025-06-11 16:00:00,Before Bridge,9.0057,7.4268,24,63,High,0.78,16,Thursday
2025-06-11 18:00:00,After Bridge,9.0065,7.4274,18,60,High,0.76,18,Wednesday
2025-06-11 07:00:00,Before Bridge,9.0069,7.4263,20,63,High,0.84,7,Wednesday
2025-06-11 07:00:00,After Bridge,9.0056,7.4264,21,65,High,0.83,7,Monday
2025-06-11 07:00:00,On Bridge,9.0075,7.4264,10,65,High,0.8,7,Monday
2025-06-11 16:00:00,After Bridge,9.0062,7.4274,13,64,High,0.78,16,Tuesday
2025-06-11 08:00:00,On Bridge,9.0072,7.426,16,63,High,0.81,8,Tuesday
2025-06-11 17:00:00,After Bridge,9.0056,7.4275,19,64,High,0.83,17,Monday
2025-06-11 07:00:00,After Bridge,9.0064,7.4269,21,63,High,0.75,7,Monday
2025-06-11 17:00:00,After Bridge,9.0073,7.4267,24,62,High,0.88,17,Monday
2025-06-11 16:00:00,On Bridge,9.0076,7.4264,20,60,High,0.78,16,Friday
2025-06-11 08:00:00,Before Bridge,9.0058,7.4268,10,64,High,0.88,8,Wednesday
2025-06-11 16:00:00,On Bridge,9.0069,7.4268,15,65,High,0.78,16,Monday
2025-06-11 18:00:00,After Bridge,9.0057,7.4267,25,60,High,0.77,18,Thursday
2025-06-11 17:00:00,Before Bridge,9.0078,7.4263,16,65,High,0.78,17,Monday
2025-06-11 07:00:00,After Bridge,9.0072,7.4267,10,60,High,0.86,7,Monday
2025-06-11 16:00:00,Before Bridge,9.0069,7.426,11,63,High,0.75,16,Wednesday
2025-06-11 08:00:00,Before Bridge,9.0073,7.4272,16,62,High,0.88,8,Wednesday
2025-06-11 16:00:00,Before Bridge,9.0078,7.4261,22,65,High,0.8,16,Tuesday
2025-06-11 16:00:00,On Bridge,9.0079,7.4266,24,61,High,0.89,16,Thursday
2025-06-11 18:00:00,Before Bridge,9.007,7.4268,11,60,High,0.86,18,Wednesday
2025-06-11 07:00:00,Before Bridge,9.0068,7.4262,17,62,High,0.86,7,Monday
2025-06-11 17:00:00,After Bridge,9.0069,7.4269,21,62,High,0.78,17,Tuesday
2025-06-11 07:00:00,After Bridge,9.0078,7.426,16,62,High,0.76,7,Friday
2025-06-11 18:00:00,After Bridge,9.006,7.4262,14,62,High,0.78,18,Monday
2025-06-11 18:00:00,After Bridge,9.0067,7.4273,11,61,High,0.78,18,Thursday
2025-06-11 08:00:00,On Bridge,9.0061,7.4261,25,61,High,0.89,8,Wednesday
2025-06-11 07:00:00,On Bridge,9.0062,7.4263,15,62,High,0.81,7,Thursday
2025-06-11 17:00:00,On Bridge,9.0076,7.4269,16,60,High,0.81,17,Wednesday
2025-06-11 17:00:00,On Bridge,9.0064,7.4273,12,61,High,0.83,17,Friday
2025-06-11 17:00:00,After Bridge,9.0069,7.4267,15,61,High,0.79,17,Wednesday
2025-06-11 18:00:00,On Bridge,9.0064,7.4268,20,63,High,0.85,18,Friday
2025-06-11 18:00:00,Before Bridge,9.0072,7.4264,21,63,High,0.86,18,Thursday
2025-06-11 17:00:00,After Bridge,9.0064,7.4263,22,62,High,0.85,17,Friday
2025-06-11 17:00:00,On Bridge,9.0079,7.4267,17,65,High,0.79,17,Wednesday
2025-06-11 17:00:00,On Bridge,9.0055,7.4269,14,62,High,0.8,17,Monday
2025-06-11 18:00:00,Before Bridge,9.0071,7.4266,24,65,High,0.81,18,Monday
2025-06-11 16:00:00,Before Bridge,9.0065,7.4275,24,62,High,0.86,16,Thursday
2025-06-11 17:00:00,Before Bridge,9.0056,7.4269,17,61,High,0.9,17,Tuesday
2025-06-11 16:00:00,After Bridge,9.0065,7.4263,25,60,High,0.87,16,Thursday
2025-06-11 07:00:00,After Bridge,9.0073,7.4271,25,62,High,0.83,7,Tuesday
2025-06-11 17:00:00,After Bridge,9.0078,7.4267,24,65,High,0.76,17,Thursday
2025-06-11 16:00:00,After Bridge,9.0069,7.4274,17,65,High,0.82,16,Tuesday
2025-06-11 18:00:00,After Bridge,9.0058,7.4269,18,62,High,0.79,18,Monday
2025-06-11 16:00:00,Before Bridge,9.0064,7.4273,15,63,High,0.8,16,Thursday
2025-06-11 17:00:00,Before Bridge,9.0078,7.426,11,61,High,0.89,17,Thursday
2025-06-11 17:00:00,After Bridge,9.0075,7.4262,11,64,High,0.84,17,Friday
2025-06-11 08:00:00,On Bridge,9.0064,7.4274,12,65,High,0.75,8,Thursday
2025-06-11 07:00:00,Before Bridge,9.0069,7.4271,17,61,High,0.82,7,Wednesday
2025-06-11 17:00:00,Before Bridge,9.007,7.4263,10,63,High,0.85,17,Thursday
2025-06-11 17:00:00,On Bridge,9.0077,7.4264,20,64,High,0.85,17,Monday
2025-06-11 18:00:00,After Bridge,9.0077,7.4271,24,65,High,0.82,18,Thursday
2025-06-11 16:00:00,Before Bridge,9.0063,7.4275,22,60,High,0.76,16,Thursday
2025-06-11 17:00:00,After Bridge,9.0075,7.4261,23,60,High,0.77,17,Monday
2025-06-11 16:00:00,On Bridge,9.0079,7.4267,19,63,High,0.88,16,Friday
2025-06-11 07:00:00,After Bridge,9.0071,7.4275,18,65,High,0.84,7,Wednesday
2025-06-11 18:00:00,After Bridge,9.0062,7.4272,18,64,High,0.78,18,Wednesday
2025-06-11 16:00:00,After Bridge,9.0079,7.4266,12,63,High,0.82,16,Thursday
2025-06-11 17:00:00,After Bridge,9.0079,7.4265,16,62,High,0.84,17,Thursday
2025-06-11 17:00:00,On Bridge,9.0069,7.4269,25,60,High,0.85,17,Thursday
2025-06-11 07:00:00,After Bridge,9.0059,7.4268,18,65,High,0.8,7,Wednesday
2025-06-11 08:00:00,After Bridge,9.0078,7.4273,18,65,High,0.8,8,Tuesday
2025-06-11 18:00:00,Before Bridge,9.0066,7.4272,14,65,High,0.79,18,Tuesday
2025-06-11 18:00:00,On Bridge,9.0072,7.4263,11,65,High,0.8,18,Monday
2025-06-11 16:00:00,On Bridge,9.0067,7.4271,11,60,High,0.88,16,Wednesday
2025-06-11 16:00:00,Before Bridge,9.0072,7.427,25,64,High,0.89,16,Thursday
2025-06-11 08:00:00,Before Bridge,9.0056,7.4261,10,64,High,0.78,8,Friday
2025-06-11 07:00:00,On Bridge,9.0061,7.4267,22,65,High,0.87,7,Monday
2025-06-11 16:00:00,On Bridge,9.0074,7.4268,17,64,High,0.83,16,Monday
2025-06-11 08:00:00,After Bridge,9.0073,7.4264,18,60,High,0.79,8,Friday
2025-06-11 18:00:00,On Bridge,9.0062,7.4271,24,65,High,0.82,18,Monday
2025-06-11 17:00:00,Before Bridge,9.0078,7.4264,20,60,High,0.87,17,Wednesday
2025-06-11 08:00:00,Before Bridge,9.0061,7.4269,10,60,High,0.85,8,Monday
2025-06-11 18:00:00,After Bridge,9.0062,7.4264,14,61,High,0.86,18,Wednesday
2025-06-11 08:00:00,After Bridge,9.0059,7.4272,23,61,High,0.81,8,Tuesday
2025-06-11 17:00:00,On Bridge,9.0074,7.4264,16,60,High,0.83,17,Monday
2025-06-11 07:00:00,Before Bridge,9.0069,7.4273,19,62,High,0.84,7,Thursday
2025-06-11 17:00:00,After Bridge,9.0076,7.4272,10,62,High,0.77,17,Monday
2025-06-11 08:00:00,After Bridge,9.0078,7.4261,10,65,High,0.82,8,Friday
2025-06-11 17:00:00,On Bridge,9.0064,7.4261,16,64,High,0.82,17,Tuesday
2025-06-11 07:00:00,Before Bridge,9.0058,7.4271,24,63,High,0.78,7,Thursday
2025-06-11 08:00:00,After Bridge,9.0068,7.4274,19,63,High,0.87,8,Friday
2025-06-11 07:00:00,On Bridge,9.0077,7.4261,25,60,High,0.86,7,Wednesday
2025-06-11 17:00:00,On Bridge,9.0066,7.426,14,63,High,0.78,17,Thursday
2025-06-11 17:00:00,After Bridge,9.0058,7.4271,20,64,High,0.83,17,Thursday
2025-06-11 18:00:00,Before Bridge,9.0076,7.4268,15,60,High,0.85,18,Thursday
2025-06-11 07:00:00,After Bridge,9.0057,7.4262,18,63,High,0.85,7,Tuesday
2025-06-11 16:00:00,Before Bridge,9.0059,7.4262,17,62,High,0.83,16,Monday
2025-06-11 08:00:00,On Bridge,9.0066,7.4268,20,65,High,0.77,8,Monday
2025-06-11 17:00:00,On Bridge,9.0077,7.4263,11,61,High,0.89,17,Friday
2025-06-11 17:00:00,Before Bridge,9.0057,7.4268,25,61,High,0.89,17,Friday
2025-06-11 08:00:00,After Bridge,9.0077,7.4271,24,61,High,0.78,8,Thursday
2025-06-11 17:00:00,After Bridge,9.0065,7.4273,23,61,High,0.9,17,Thursday
2025-06-11 16:00:00,On Bridge,9.0079,7.426,10,63,High,0.89,16,Thursday
2025-06-11 07:00:00,On Bridge,9.0067,7.4273,11,63,High,0.86,7,Tuesday
2025-06-11 18:00:00,After Bridge,9.0072,7.4265,10,64,High,0.77,18,Wednesday
2025-06-11 17:00:00,On Bridge,9.0059,7.4273,23,60,High,0.84,17,Thursday
2025-06-11 07:00:00,Before Bridge,9.0074,7.4274,14,64,High,0.81,7,Wednesday
2025-06-11 16:00:00,On Bridge,9.0063,7.4266,14,60,High,0.77,16,Tuesday
2025-06-11 16:00:00,Before Bridge,9.007,7.4274,19,62,High,0.83,16,Friday
2025-06-11 07:00:00,Before Bridge,9.006,7.4266,14,60,High,0.76,7,Thursday
2025-06-11 18:00:00,After Bridge,9.0065,7.4267,25,63,High,0.8,18,Wednesday
